Kod,Nazwa,Wojewodztwo,Sprzedawca,Status
0419,powiat żniński,kujawsko-pomorskie,Aleksander,X
0411,powiat radziejowski,kujawsko-pomorskie,Aleksander,X
0410,powiat nakielski,kujawsko-pomorskie,Aleksander,X
0413,powiat sępoleński,kujawsko-pomorskie,Aleksander,X
0408,powiat lipnowski,kujawsko-pomorskie,Aleksander,X
0463,powiat Toruń,kujawsko-pomorskie,Aleksander,X
0416,powiat tucholski,kujawsko-pomorskie,Aleksander,X
0401,powiat aleksandrowski,kujawsko-pomorskie,Aleksander,X
0403,powiat bydgoski,kujawsko-pomorskie,Aleksander,X
0409,powiat mogileński,kujawsko-pomorskie,Aleksander,X
0412,powiat rypiński,kujawsko-pomorskie,Aleksander,X
0407,powiat inowrocławski,kujawsko-pomorskie,Aleksander,X
0464,powiat Włocławek,kujawsko-pomorskie,Aleksander,X
0417,powiat wąbrzeski,kujawsko-pomorskie,Aleksander,X
0414,powiat świecki,kujawsko-pomorskie,Aleksander,X
0405,powiat golubsko-dobrzyński,kujawsko-pomorskie,Aleksander,X
0461,powiat Bydgoszcz,kujawsko-pomorskie,Aleksander,X
0415,powiat toruński,kujawsko-pomorskie,Aleksander,X
0418,powiat włocławski,kujawsko-pomorskie,Aleksander,X
2212,powiat słupski,pomorskie,Aleksander,X
2202,powiat chojnicki,pomorskie,Aleksander,X
2211,powiat pucki,pomorskie,Aleksander,X
2201,powiat bytowski,pomorskie,Aleksander,X
2208,powiat lęborski,pomorskie,Aleksander,X
2203,powiat człuchowski,pomorskie,Aleksander,X
2215,powiat wejherowski,pomorskie,Aleksander,X
2213,powiat starogardzki,pomorskie,Aleksander,X
2205,powiat kartuski,pomorskie,Aleksander,X
2416,powiat zawierciański,śląskie,Aleksander,X
2474,powiat Siemianowice Śląskie,śląskie,Aleksander,X
2462,powiat Bytom,śląskie,Aleksander,X
2417,powiat żywiecki,śląskie,Aleksander,X
2403,powiat cieszyński,śląskie,Aleksander,X
2476,powiat Świętochłowice,śląskie,Aleksander,X
2478,powiat Zabrze,śląskie,Aleksander,X
2464,powiat Częstochowa,śląskie,Aleksander,X
2408,powiat mikołowski,śląskie,Aleksander,X
2477,powiat Tychy,śląskie,Aleksander,X
2402,powiat bielski (śląskie),śląskie,Aleksander,X
2409,powiat myszkowski,śląskie,Aleksander,X
2406,powiat kłobucki,śląskie,Aleksander,X
2407,powiat lubliniecki,śląskie,Aleksander,X
2404,powiat częstochowski,śląskie,Aleksander,X
2410,powiat pszczyński,śląskie,Aleksander,X
2472,powiat Ruda Śląska,śląskie,Aleksander,X
2463,powiat Chorzów,śląskie,Aleksander,X
3025,powiat średzki (wielkopolskie),wielkopolskie,Aleksander,X
3005,powiat grodziski (wielkopolskie),wielkopolskie,Aleksander,X
3017,powiat ostrowski (wielkopolskie),wielkopolskie,Aleksander,X
3063,powiat Leszno,wielkopolskie,Aleksander,X
3009,powiat kolski,wielkopolskie,Aleksander,X
3002,powiat czarnkowsko-trzcianecki,wielkopolskie,Aleksander,X
3004,powiat gostyński,wielkopolskie,Aleksander,X
3007,powiat kaliski,wielkopolskie,Aleksander,X
3019,powiat pilski,wielkopolskie,Aleksander,X
3011,powiat kościański,wielkopolskie,Aleksander,X
3021,powiat poznański,wielkopolskie,Aleksander,X
3015,powiat nowotomyski,wielkopolskie,Aleksander,X
3028,powiat wągrowiecki,wielkopolskie,Aleksander,X
3062,powiat Konin,wielkopolskie,Aleksander,X
3031,powiat złotowski,wielkopolskie,Aleksander,X
3026,powiat śremski,wielkopolskie,Aleksander,X
3018,powiat ostrzeszowski,wielkopolskie,Aleksander,X
3016,powiat obornicki,wielkopolskie,Aleksander,X
3022,powiat rawicki,wielkopolskie,Aleksander,X
3023,powiat słupecki,wielkopolskie,Aleksander,X
3006,powiat jarociński,wielkopolskie,Aleksander,X
3030,powiat wrzesiński,wielkopolskie,Aleksander,X
3003,powiat gnieźnieński,wielkopolskie,Aleksander,X
3012,powiat krotoszyński,wielkopolskie,Aleksander,X
3029,powiat wolsztyński,wielkopolskie,Aleksander,X
3010,powiat koniński,wielkopolskie,Aleksander,X
3020,powiat pleszewski,wielkopolskie,Aleksander,X
3008,powiat kępiński,wielkopolskie,Aleksander,X
3027,powiat turecki,wielkopolskie,Aleksander,X
3024,powiat szamotulski,wielkopolskie,Aleksander,X
3001,powiat chodzieski,wielkopolskie,Aleksander,X
3014,powiat międzychodzki,wielkopolskie,Aleksander,X
3061,powiat Kalisz,wielkopolskie,Aleksander,X
3013,powiat leszczyński,wielkopolskie,Aleksander,X
3214,powiat stargardzki,zachodniopomorskie,Aleksander,X
3202,powiat choszczeński,zachodniopomorskie,Aleksander,X
3213,powiat sławieński,zachodniopomorskie,Aleksander,X
3216,powiat świdwiński,zachodniopomorskie,Aleksander,X
3262,powiat Szczecin,zachodniopomorskie,Aleksander,X
3204,powiat goleniowski,zachodniopomorskie,Aleksander,X
3212,powiat pyrzycki,zachodniopomorskie,Aleksander,X
3209,powiat koszaliński,zachodniopomorskie,Aleksander,X
3207,powiat kamieński,zachodniopomorskie,Aleksander,X
3263,powiat Świnoujście,zachodniopomorskie,Aleksander,X
3203,powiat drawski,zachodniopomorskie,Aleksander,X
3261,powiat Koszalin,zachodniopomorskie,Aleksander,X
3218,powiat łobeski,zachodniopomorskie,Aleksander,X
3210,powiat myśliborski,zachodniopomorskie,Aleksander,X
3211,powiat policki,zachodniopomorskie,Aleksander,X
3208,powiat kołobrzeski,zachodniopomorskie,Aleksander,X
3206,powiat gryfiński,zachodniopomorskie,Aleksander,X
3217,powiat wałecki,zachodniopomorskie,Aleksander,X
3205,powiat gryficki,zachodniopomorskie,Aleksander,X
3215,powiat szczecinecki,zachodniopomorskie,Aleksander,X
3201,powiat białogardzki,zachodniopomorskie,Aleksander,X
0264,powiat Wrocław,dolnośląskie,Dominik,X
0404,powiat chełmiński,kujawsko-pomorskie,Dominik,X
0402,powiat brodnicki,kujawsko-pomorskie,Dominik,X
0462,powiat Grudziądz,kujawsko-pomorskie,Dominik,X
0406,powiat grudziądzki,kujawsko-pomorskie,Dominik,X
1061,powiat Łódź,łódzkie,Dominik,X
1261,powiat Kraków,małopolskie,Dominik,X
1416,powiat ostrowski (mazowieckie),mazowieckie,Dominik,X
1430,powiat szydłowiecki,mazowieckie,Dominik,X
1465,powiat Warszawa,mazowieckie,Dominik,X
1415,powiat ostrołęcki,mazowieckie,Dominik,X
1432,powiat warszawski zachodni,mazowieckie,Dominik,X
1427,powiat sierpecki,mazowieckie,Dominik,X
1461,powiat Ostrołęka,mazowieckie,Dominik,X
1435,powiat wyszkowski,mazowieckie,Dominik,X
1421,powiat pruszkowski,mazowieckie,Dominik,X
1808,powiat leżajski,podkarpackie,Dominik,X
2014,powiat zambrowski,podlaskie,Dominik,X
2209,powiat malborski,pomorskie,Dominik,X
2216,powiat sztumski,pomorskie,Dominik,X
2207,powiat kwidzyński,pomorskie,Dominik,X
2264,powiat Sopot,pomorskie,Dominik,X
2210,powiat nowodworski (pomorskie),pomorskie,Dominik,X
2204,powiat gdański,pomorskie,Dominik,X
2261,powiat Gdańsk,pomorskie,Dominik,X
2206,powiat kościerski,pomorskie,Dominik,X
2263,powiat Słupsk,pomorskie,Dominik,X
2214,powiat tczewski,pomorskie,Dominik,X
2262,powiat Gdynia,pomorskie,Dominik,X
2461,powiat Bielsko-Biała,śląskie,Dominik,X
2471,powiat Piekary Śląskie,śląskie,Dominik,X
2411,powiat raciborski,śląskie,Dominik,X
2413,powiat tarnogórski,śląskie,Dominik,X
2469,powiat Katowice,śląskie,Dominik,X
2817,powiat szczycieński,warmińsko-mazurskie,Dominik,X
3064,powiat Poznań,wielkopolskie,Dominik,X
0218,powiat średzki (dolnośląskie),dolnośląskie,Jakub,X
0214,powiat oleśnicki,dolnośląskie,Jakub,X
0224,powiat ząbkowicki,dolnośląskie,Jakub,X
0226,powiat złotoryjski,dolnośląskie,Jakub,X
0223,powiat wrocławski,dolnośląskie,Jakub,X
0213,powiat milicki,dolnośląskie,Jakub,X
0211,powiat lubiński,dolnośląskie,Jakub,X
0203,powiat głogowski,dolnośląskie,Jakub,X
0220,powiat trzebnicki,dolnośląskie,Jakub,Y
0215,powiat oławski,dolnośląskie,Jakub,X
0204,powiat górowski,dolnośląskie,Jakub,X
0201,powiat bolesławiecki,dolnośląskie,Jakub,Y
0216,powiat polkowicki,dolnośląskie,Jakub,X
0262,powiat Legnica,dolnośląskie,Jakub,X
0222,powiat wołowski,dolnośląskie,Jakub,X
0217,powiat strzeliński,dolnośląskie,Jakub,Y
0209,powiat legnicki,dolnośląskie,Jakub,X
0803,powiat międzyrzecki,lubuskie,Jakub,X
0861,powiat Gorzów Wielkopolski,lubuskie,Jakub,X
0810,powiat żagański,lubuskie,Jakub,X
0801,powiat gorzowski,lubuskie,Jakub,X
0805,powiat słubicki,lubuskie,Jakub,X
0807,powiat sulęciński,lubuskie,Jakub,X
0802,powiat krośnieński (lubuskie),lubuskie,Jakub,X
0812,powiat wschowski,lubuskie,Jakub,X
0804,powiat nowosolski,lubuskie,Jakub,X
0809,powiat zielonogórski,lubuskie,Jakub,X
0806,powiat strzelecko-drezdenecki,lubuskie,Jakub,X
0862,powiat Zielona Góra,lubuskie,Jakub,X
0808,powiat świebodziński,lubuskie,Jakub,X
0811,powiat żarski,lubuskie,Jakub,X
1003,powiat łaski,łódzkie,Jakub,X
1004,powiat łęczycki,łódzkie,Jakub,X
1009,powiat pajęczański,łódzkie,Jakub,X
1063,powiat Skierniewice,łódzkie,Jakub,X
1010,powiat piotrkowski,łódzkie,Jakub,X
1007,powiat opoczyński,łódzkie,Jakub,X
1020,powiat zgierski,łódzkie,Jakub,X
1008,powiat pabianicki,łódzkie,Jakub,X
1001,powiat bełchatowski,łódzkie,Jakub,X
1012,powiat radomszczański,łódzkie,Jakub,X
1019,powiat zduńskowolski,łódzkie,Jakub,X
1062,powiat Piotrków Trybunalski,łódzkie,Jakub,X
1011,powiat poddębicki,łódzkie,Jakub,X
1017,powiat wieluński,łódzkie,Jakub,X
1005,powiat łowicki,łódzkie,Jakub,X
1015,powiat skierniewicki,łódzkie,Jakub,X
1002,powiat kutnowski,łódzkie,Jakub,X
1006,powiat łódzki wschodni,łódzkie,Jakub,X
1016,powiat tomaszowski (łódzkie),łódzkie,Jakub,X
1014,powiat sieradzki,łódzkie,Jakub,X
1021,powiat brzeziński,łódzkie,Jakub,X
1018,powiat wieruszowski,łódzkie,Jakub,X
1013,powiat rawski,łódzkie,Jakub,X
1213,powiat oświęcimski,małopolskie,Jakub,X
1218,powiat wadowicki,małopolskie,Jakub,X
1215,powiat suski,małopolskie,Jakub,X
1206,powiat krakowski,małopolskie,Jakub,X
1209,powiat myślenicki,małopolskie,Jakub,X
1212,powiat olkuski,małopolskie,Jakub,X
1214,powiat proszowicki,małopolskie,Jakub,X
1219,powiat wielicki,małopolskie,Jakub,X
1208,powiat miechowski,małopolskie,Jakub,X
1203,powiat chrzanowski,małopolskie,Jakub,X
1609,powiat opolski (opolskie),opolskie,Jakub,X
1601,powiat brzeski (opolskie),opolskie,Jakub,X
1604,powiat kluczborski,opolskie,Jakub,X
1602,powiat głubczycki,opolskie,Jakub,X
1611,powiat strzelecki,opolskie,Jakub,X
1661,powiat Opole,opolskie,Jakub,X
1603,powiat kędzierzyńsko-kozielski,opolskie,Jakub,X
1610,powiat prudnicki,opolskie,Jakub,X
1608,powiat oleski,opolskie,Jakub,X
1605,powiat krapkowicki,opolskie,Jakub,X
1607,powiat nyski,opolskie,Jakub,X
1606,powiat namysłowski,opolskie,Jakub,X
2470,powiat Mysłowice,śląskie,Jakub,X
2414,powiat bieruńsko-lędziński,śląskie,Jakub,X
2468,powiat Jaworzno,śląskie,Jakub,X
2607,powiat ostrowiecki,świętokrzyskie,Jakub,X
2610,powiat skarżyski,świętokrzyskie,Jakub,X
2613,powiat włoszczowski,świętokrzyskie,Jakub,X
2609,powiat sandomierski,świętokrzyskie,Jakub,X
2604,powiat kielecki,świętokrzyskie,Jakub,X
2612,powiat staszowski,świętokrzyskie,Jakub,X
2602,powiat jędrzejowski,świętokrzyskie,Jakub,X
2601,powiat buski,świętokrzyskie,Jakub,X
2606,powiat opatowski,świętokrzyskie,Jakub,X
2661,powiat Kielce,świętokrzyskie,Jakub,X
2603,powiat kazimierski,świętokrzyskie,Jakub,X
2608,powiat pińczowski,świętokrzyskie,Jakub,X
2605,powiat konecki,świętokrzyskie,Jakub,X
2611,powiat starachowicki,świętokrzyskie,Jakub,X
0611,powiat łukowski,lubelskie,Michał,X
0662,powiat Chełm,lubelskie,Michał,X
0608,powiat lubartowski,lubelskie,Michał,X
0614,powiat puławski,lubelskie,Michał,X
0615,powiat radzyński,lubelskie,Michał,X
0620,powiat zamojski,lubelskie,Michał,X
0604,powiat hrubieszowski,lubelskie,Michał,X
0609,powiat lubelski,lubelskie,Michał,X
0602,powiat biłgorajski,lubelskie,Michał,X
0619,powiat włodawski,lubelskie,Michał,X
0601,powiat bialski,lubelskie,Michał,X
0606,powiat krasnostawski,lubelskie,Michał,X
0664,powiat Zamość,lubelskie,Michał,X
0661,powiat Biała Podlaska,lubelskie,Michał,X
0603,powiat chełmski,lubelskie,Michał,X
0613,powiat parczewski,lubelskie,Michał,X
0617,powiat świdnicki (lubelskie),lubelskie,Michał,X
0605,powiat janowski,lubelskie,Michał,X
0618,powiat tomaszowski (lubelskie),lubelskie,Michał,X
0663,powiat Lublin,lubelskie,Michał,X
0607,powiat kraśnicki,lubelskie,Michał,X
0610,powiat łęczyński,lubelskie,Michał,X
0612,powiat opolski (lubelskie),lubelskie,Michał,X
0616,powiat rycki,lubelskie,Michał,X
1263,powiat Tarnów,małopolskie,Michał,X
1262,powiat Nowy Sącz,małopolskie,Michał,X
1210,powiat nowosądecki,małopolskie,Michał,X
1202,powiat brzeski (małopolskie),małopolskie,Michał,X
1205,powiat gorlicki,małopolskie,Michał,X
1204,powiat dąbrowski,małopolskie,Michał,X
1216,powiat tarnowski,małopolskie,Michał,X
1201,powiat bocheński,małopolskie,Michał,X
1207,powiat limanowski,małopolskie,Michał,X
1217,powiat tatrzański,małopolskie,Michał,X
1211,powiat nowotarski,małopolskie,Michał,X
1405,powiat grodziski (mazowieckie),mazowieckie,Michał,X
1414,powiat nowodworski (mazowieckie),mazowieckie,Michał,X
1463,powiat Radom,mazowieckie,Michał,X
1438,powiat żyrardowski,mazowieckie,Michał,X
1420,powiat płoński,mazowieckie,Michał,X
1426,powiat siedlecki,mazowieckie,Michał,X
1408,powiat legionowski,mazowieckie,Michał,X
1428,powiat sochaczewski,mazowieckie,Michał,X
1464,powiat Siedlce,mazowieckie,Michał,X
1404,powiat gostyniński,mazowieckie,Michał,X
1424,powiat pułtuski,mazowieckie,Michał,X
1403,powiat garwoliński,mazowieckie,Michał,X
1402,powiat ciechanowski,mazowieckie,Michał,X
1401,powiat białobrzeski,mazowieckie,Michał,X
1417,powiat otwocki,mazowieckie,Michał,X
1407,powiat kozienicki,mazowieckie,Michał,X
1429,powiat sokołowski,mazowieckie,Michał,X
1406,powiat grójecki,mazowieckie,Michał,X
1412,powiat miński,mazowieckie,Michał,X
1418,powiat piaseczyński,mazowieckie,Michał,X
1419,powiat płocki,mazowieckie,Michał,X
1411,powiat makowski,mazowieckie,Michał,X
1423,powiat przysuski,mazowieckie,Michał,X
1413,powiat mławski,mazowieckie,Michał,X
1436,powiat zwoleński,mazowieckie,Michał,X
1437,powiat żuromiński,mazowieckie,Michał,X
1433,powiat węgrowski,mazowieckie,Michał,X
1422,powiat przasnyski,mazowieckie,Michał,X
1425,powiat radomski,mazowieckie,Michał,X
1409,powiat lipski,mazowieckie,Michał,X
1462,powiat Płock,mazowieckie,Michał,X
1862,powiat Przemyśl,podkarpackie,Michał,X
1805,powiat jasielski,podkarpackie,Michał,X
1802,powiat brzozowski,podkarpackie,Michał,X
1807,powiat krośnieński (podkarpackie),podkarpackie,Michał,X
1817,powiat sanocki,podkarpackie,Michał,X
1863,powiat Rzeszów,podkarpackie,Michał,X
1815,powiat ropczycko-sędziszowski,podkarpackie,Michał,X
1810,powiat łańcucki,podkarpackie,Michał,X
1811,powiat mielecki,podkarpackie,Michał,X
1812,powiat niżański,podkarpackie,Michał,X
1818,powiat stalowowolski,podkarpackie,Michał,X
1814,powiat przeworski,podkarpackie,Michał,X
1820,powiat tarnobrzeski,podkarpackie,Michał,X
1816,powiat rzeszowski,podkarpackie,Michał,X
1806,powiat kolbuszowski,podkarpackie,Michał,X
1861,powiat Krosno,podkarpackie,Michał,X
1803,powiat dębicki,podkarpackie,Michał,X
1821,powiat leski,podkarpackie,Michał,X
1813,powiat przemyski,podkarpackie,Michał,X
1804,powiat jarosławski,podkarpackie,Michał,X
1864,powiat Tarnobrzeg,podkarpackie,Michał,X
1809,powiat lubaczowski,podkarpackie,Michał,X
1819,powiat strzyżowski,podkarpackie,Michał,X
1801,powiat bieszczadzki,podkarpackie,Michał,X
2003,powiat bielski (podlaskie),podlaskie,Michał,X
2061,powiat Białystok,podlaskie,Michał,X
2013,powiat wysokomazowiecki,podlaskie,Michał,X
2005,powiat hajnowski,podlaskie,Michał,X
2010,powiat siemiatycki,podlaskie,Michał,X
2002,powiat białostocki,podlaskie,Michał,X
2415,powiat wodzisławski,śląskie,Michał,X
2412,powiat rybnicki,śląskie,Michał,X
2466,powiat Gliwice,śląskie,Michał,X
2473,powiat Rybnik,śląskie,Michał,X
2465,powiat Dąbrowa Górnicza,śląskie,Michał,X
2467,powiat Jastrzębie-Zdrój,śląskie,Michał,X
2401,powiat będziński,śląskie,Michał,X
2475,powiat Sosnowiec,śląskie,Michał,X
2479,powiat Żory,śląskie,Michał,X
2405,powiat gliwicki,śląskie,Michał,X
0219,powiat świdnicki (dolnośląskie),dolnośląskie,nikt,X
0210,powiat lubański,dolnośląskie,nikt,X
0206,powiat karkonoski,dolnośląskie,nikt,X
0225,powiat zgorzelecki,dolnośląskie,nikt,X
0205,powiat jaworski,dolnośląskie,nikt,X
0261,powiat Jelenia Góra,dolnośląskie,nikt,X
0207,powiat kamiennogórski,dolnośląskie,nikt,X
0202,powiat dzierżoniowski,dolnośląskie,nikt,X
0208,powiat kłodzki,dolnośląskie,nikt,X
0212,powiat lwówecki,dolnośląskie,nikt,X
0221,powiat wałbrzyski,dolnośląskie,nikt,X
0265,powiat Wałbrzych,dolnośląskie,nikt,X
KOD,Nazwa,Województwo,Sprzedawca,Kolejne informacje
1410,powiat łosicki,mazowieckie,WMKK,X
1434,powiat wołomiński,mazowieckie,WMKK,X
2062,powiat Łomża,podlaskie,WMKK,X
2012,powiat suwalski,podlaskie,WMKK,X
2011,powiat sokólski,podlaskie,WMKK,X
2007,powiat łomżyński,podlaskie,WMKK,X
2009,powiat sejneński,podlaskie,WMKK,X
2006,powiat kolneński,podlaskie,WMKK,X
2001,powiat augustowski,podlaskie,WMKK,X
2008,powiat moniecki,podlaskie,WMKK,X
2063,powiat Suwałki,podlaskie,WMKK,X
2004,powiat grajewski,podlaskie,WMKK,X
2806,powiat giżycki,warmińsko-mazurskie,WMKK,X
2810,powiat mrągowski,warmińsko-mazurskie,WMKK,X
2815,powiat ostródzki,warmińsko-mazurskie,WMKK,X
2814,powiat olsztyński,warmińsko-mazurskie,WMKK,X
2816,powiat piski,warmińsko-mazurskie,WMKK,X
2813,powiat olecki,warmińsko-mazurskie,WMKK,X
2809,powiat lidzbarski,warmińsko-mazurskie,WMKK,X
2808,powiat kętrzyński,warmińsko-mazurskie,WMKK,X
2818,powiat gołdapski,warmińsko-mazurskie,WMKK,X
2802,powiat braniewski,warmińsko-mazurskie,WMKK,X
2801,powiat bartoszycki,warmińsko-mazurskie,WMKK,X
2803,powiat działdowski,warmińsko-mazurskie,WMKK,X
2804,powiat elbląski,warmińsko-mazurskie,WMKK,X
2861,powiat Elbląg,warmińsko-mazurskie,WMKK,X
2862,powiat Olsztyn,warmińsko-mazurskie,WMKK,X
2805,powiat ełcki,warmińsko-mazurskie,WMKK,X
2807,powiat iławski,warmińsko-mazurskie,WMKK,X
2819,powiat węgorzewski,warmińsko-mazurskie,WMKK,X
2811,powiat nidzicki,warmińsko-mazurskie,WMKK,X
2812,powiat nowomiejski,warmińsko-mazurskie,WMKK,X